"","company","requirement","have_python","have_r","have_matlab","have_java","have_scala","have_sas","have_spss","have_hadoop","have_jmp","have_tableau","have_sql","have_spark","have_excel","have_d3","have_ml","have_bigdata","have_cs","have_economics","have_supplychain","have_crm","challenging_job"
"1","      Rolls-Royce "," Experienced in exploring and visualising data, being able to work with large data sets. Experienced in the use of one or more current analytical / big data...",1,1,1,0,0,1,1,1,1,1,1,1,1,0,1,1,0,0,0,0,"FALSE"
"2",NA," Experience handling large scale data and/or big data platform. Conduct ad-hoc data analysis; Deep understanding of and experience with machine learning models...",0,1,0,0,0,0,0,0,0,0,0,0,0,0,0,0,0,0,0,0,"FALSE"
"3","      Dell "," Prior relevant experience in data management, automation, IT programming, forecasting, data mining or statistical modeling....",0,1,0,0,0,1,1,1,0,0,1,0,1,0,0,0,1,1,1,0,"FALSE"
"4","    Quinnox Solutions SG "," 2+ experience as data scientist working on various data science projects. Familiar with big data technologies like Hadoop, Hive, Pig and Spark....",1,1,0,0,0,0,0,1,0,0,0,1,0,0,1,1,1,0,0,0,"FALSE"
"5","    Quinnox Solutions "," 2+ experience as data scientist working on various data science projects. Familiar with big data technologies like Hadoop, Hive, Pig and Spark....",1,1,0,0,0,0,0,1,0,0,0,1,0,0,1,1,1,0,0,0,"FALSE"
"6","      Skyscanner "," A real passion for Data Analysis, Big Data & Software Engineering. As a Data Scientist at Skyscanner you can expect a wide variety of challenging Big Data...",1,1,0,1,1,0,0,1,0,1,1,1,1,0,1,1,1,0,0,0,"TRUE"
"7","      BNP Paribas "," Knowledge in machine learning and data engineering with experience in implementing solutions managing large amount of data....",1,1,0,0,0,0,0,1,0,0,0,1,1,0,1,1,0,0,0,0,"TRUE"
"8","    Carousell "," Investigate and research data quality and integrity from data sources. Assisting the Data Scientist in getting the Machine Learning models to production ready....",1,1,0,0,1,0,0,1,0,0,0,1,0,0,1,0,0,0,0,0,"FALSE"
"9",NA," Using data modeling, linear regression, statistical methods and proprietary data, your role is to discover trends and provide understandings/estimates based on...",0,1,0,0,0,0,0,0,0,0,0,0,0,0,0,0,0,0,0,0,"FALSE"
"10","      The Advertiser "," We are looking for a Data Scientist to join our team. Previous experience in data mining, modelling and visualisation is necessary....",1,1,0,1,0,1,0,0,0,0,1,0,0,0,0,0,0,0,0,0,"FALSE"
"11","      Rolls-Royce "," Experienced in exploring and visualising data, being able to work with large data sets. Experienced in the use of one or more current analytical / big data...",1,1,1,0,0,1,1,1,1,1,1,1,1,0,1,1,0,0,0,0,"FALSE"
"12",NA," Experience handling large scale data and/or big data platform. Conduct ad-hoc data analysis; Deep understanding of and experience with machine learning models...",0,1,0,0,0,0,0,0,0,0,0,0,0,0,0,0,0,0,0,0,"FALSE"
"13","      Dell "," Prior relevant experience in data management, automation, IT programming, forecasting, data mining or statistical modeling....",0,1,0,0,0,1,1,1,0,0,1,0,1,0,0,0,1,1,1,0,"FALSE"
"14","    Quinnox Solutions SG "," 2+ experience as data scientist working on various data science projects. Familiar with big data technologies like Hadoop, Hive, Pig and Spark....",1,1,0,0,0,0,0,1,0,0,0,1,0,0,1,1,1,0,0,0,"FALSE"
"15","    Quinnox Solutions "," 2+ experience as data scientist working on various data science projects. Familiar with big data technologies like Hadoop, Hive, Pig and Spark....",1,1,0,0,0,0,0,1,0,0,0,1,0,0,1,1,1,0,0,0,"FALSE"
"16","      Skyscanner "," A real passion for Data Analysis, Big Data & Software Engineering. As a Data Scientist at Skyscanner you can expect a wide variety of challenging Big Data...",1,1,0,1,1,0,0,1,0,1,1,1,1,0,1,1,1,0,0,0,"TRUE"
"17","      BNP Paribas "," Knowledge in machine learning and data engineering with experience in implementing solutions managing large amount of data....",1,1,0,0,0,0,0,1,0,0,0,1,1,0,1,1,0,0,0,0,"TRUE"
"18","    Carousell "," Investigate and research data quality and integrity from data sources. Assisting the Data Scientist in getting the Machine Learning models to production ready....",1,1,0,0,1,0,0,1,0,0,0,1,0,0,1,0,0,0,0,0,"FALSE"
"19","      The Advertiser "," We are looking for a Data Scientist to join our team. Previous experience in data mining, modelling and visualisation is necessary....",1,1,0,1,0,1,0,0,0,0,1,0,0,0,0,0,0,0,0,0,"FALSE"
"20",NA," Using data modeling, linear regression, statistical methods and proprietary data, your role is to discover trends and provide understandings/estimates based on...",0,1,0,0,0,0,0,0,0,0,0,0,0,0,0,0,0,0,0,0,"FALSE"
"21","      Rolls-Royce "," Experienced in exploring and visualising data, being able to work with large data sets. Experienced in the use of one or more current analytical / big data...",1,1,1,0,0,1,1,1,1,1,1,1,1,0,1,1,0,0,0,0,"FALSE"
"22",NA," Experience handling large scale data and/or big data platform. Conduct ad-hoc data analysis; Deep understanding of and experience with machine learning models...",0,1,0,0,0,0,0,0,0,0,0,0,0,0,0,0,0,0,0,0,"FALSE"
"23","      Dell "," Prior relevant experience in data management, automation, IT programming, forecasting, data mining or statistical modeling....",0,1,0,0,0,1,1,1,0,0,1,0,1,0,0,0,1,1,1,0,"FALSE"
"24","    Quinnox Solutions SG "," 2+ experience as data scientist working on various data science projects. Familiar with big data technologies like Hadoop, Hive, Pig and Spark....",1,1,0,0,0,0,0,1,0,0,0,1,0,0,1,1,1,0,0,0,"FALSE"
"25","    Quinnox Solutions "," 2+ experience as data scientist working on various data science projects. Familiar with big data technologies like Hadoop, Hive, Pig and Spark....",1,1,0,0,0,0,0,1,0,0,0,1,0,0,1,1,1,0,0,0,"FALSE"
"26","      Skyscanner "," A real passion for Data Analysis, Big Data & Software Engineering. As a Data Scientist at Skyscanner you can expect a wide variety of challenging Big Data...",1,1,0,1,1,0,0,1,0,1,1,1,1,0,1,1,1,0,0,0,"TRUE"
"27","      BNP Paribas "," Knowledge in machine learning and data engineering with experience in implementing solutions managing large amount of data....",1,1,0,0,0,0,0,1,0,0,0,1,1,0,1,1,0,0,0,0,"TRUE"
"28","    Carousell "," Investigate and research data quality and integrity from data sources. Assisting the Data Scientist in getting the Machine Learning models to production ready....",1,1,0,0,1,0,0,1,0,0,0,1,0,0,1,0,0,0,0,0,"FALSE"
"29",NA," Using data modeling, linear regression, statistical methods and proprietary data, your role is to discover trends and provide understandings/estimates based on...",0,1,0,0,0,0,0,0,0,0,0,0,0,0,0,0,0,0,0,0,"FALSE"
"30","      The Advertiser "," We are looking for a Data Scientist to join our team. Previous experience in data mining, modelling and visualisation is necessary....",1,1,0,1,0,1,0,0,0,0,1,0,0,0,0,0,0,0,0,0,"FALSE"
"31","      Rolls-Royce "," Experienced in exploring and visualising data, being able to work with large data sets. Experienced in the use of one or more current analytical / big data...",1,1,1,0,0,1,1,1,1,1,1,1,1,0,1,1,0,0,0,0,"FALSE"
"32",NA," Experience handling large scale data and/or big data platform. Conduct ad-hoc data analysis; Deep understanding of and experience with machine learning models...",0,1,0,0,0,0,0,0,0,0,0,0,0,0,0,0,0,0,0,0,"FALSE"
"33","      Dell "," Prior relevant experience in data management, automation, IT programming, forecasting, data mining or statistical modeling....",0,1,0,0,0,1,1,1,0,0,1,0,1,0,0,0,1,1,1,0,"FALSE"
"34","    Quinnox Solutions SG "," 2+ experience as data scientist working on various data science projects. Familiar with big data technologies like Hadoop, Hive, Pig and Spark....",1,1,0,0,0,0,0,1,0,0,0,1,0,0,1,1,1,0,0,0,"FALSE"
"35","    Quinnox Solutions "," 2+ experience as data scientist working on various data science projects. Familiar with big data technologies like Hadoop, Hive, Pig and Spark....",1,1,0,0,0,0,0,1,0,0,0,1,0,0,1,1,1,0,0,0,"FALSE"
"36","      Skyscanner "," A real passion for Data Analysis, Big Data & Software Engineering. As a Data Scientist at Skyscanner you can expect a wide variety of challenging Big Data...",1,1,0,1,1,0,0,1,0,1,1,1,1,0,1,1,1,0,0,0,"TRUE"
"37","      BNP Paribas "," Knowledge in machine learning and data engineering with experience in implementing solutions managing large amount of data....",1,1,0,0,0,0,0,1,0,0,0,1,1,0,1,1,0,0,0,0,"TRUE"
"38","    Carousell "," Investigate and research data quality and integrity from data sources. Assisting the Data Scientist in getting the Machine Learning models to production ready....",1,1,0,0,1,0,0,1,0,0,0,1,0,0,1,0,0,0,0,0,"FALSE"
"39","      The Advertiser "," We are looking for a Data Scientist to join our team. Previous experience in data mining, modelling and visualisation is necessary....",1,1,0,1,0,1,0,0,0,0,1,0,0,0,0,0,0,0,0,0,"FALSE"
"40",NA," Using data modeling, linear regression, statistical methods and proprietary data, your role is to discover trends and provide understandings/estimates based on...",0,1,0,0,0,0,0,0,0,0,0,0,0,0,0,0,0,0,0,0,"FALSE"
"41","      Rolls-Royce "," Experienced in exploring and visualising data, being able to work with large data sets. Experienced in the use of one or more current analytical / big data...",1,1,1,0,0,1,1,1,1,1,1,1,1,0,1,1,0,0,0,0,"FALSE"
"42",NA," Experience handling large scale data and/or big data platform. Conduct ad-hoc data analysis; Deep understanding of and experience with machine learning models...",0,1,0,0,0,0,0,0,0,0,0,0,0,0,0,0,0,0,0,0,"FALSE"
"43","      Dell "," Prior relevant experience in data management, automation, IT programming, forecasting, data mining or statistical modeling....",0,1,0,0,0,1,1,1,0,0,1,0,1,0,0,0,1,1,1,0,"FALSE"
"44","    Quinnox Solutions SG "," 2+ experience as data scientist working on various data science projects. Familiar with big data technologies like Hadoop, Hive, Pig and Spark....",1,1,0,0,0,0,0,1,0,0,0,1,0,0,1,1,1,0,0,0,"FALSE"
"45","    Quinnox Solutions "," 2+ experience as data scientist working on various data science projects. Familiar with big data technologies like Hadoop, Hive, Pig and Spark....",1,1,0,0,0,0,0,1,0,0,0,1,0,0,1,1,1,0,0,0,"FALSE"
"46","      Skyscanner "," A real passion for Data Analysis, Big Data & Software Engineering. As a Data Scientist at Skyscanner you can expect a wide variety of challenging Big Data...",1,1,0,1,1,0,0,1,0,1,1,1,1,0,1,1,1,0,0,0,"TRUE"
"47","      BNP Paribas "," Knowledge in machine learning and data engineering with experience in implementing solutions managing large amount of data....",1,1,0,0,0,0,0,1,0,0,0,1,1,0,1,1,0,0,0,0,"TRUE"
"48","    Carousell "," Investigate and research data quality and integrity from data sources. Assisting the Data Scientist in getting the Machine Learning models to production ready....",1,1,0,0,1,0,0,1,0,0,0,1,0,0,1,0,0,0,0,0,"FALSE"
"49",NA," Using data modeling, linear regression, statistical methods and proprietary data, your role is to discover trends and provide understandings/estimates based on...",0,1,0,0,0,0,0,0,0,0,0,0,0,0,0,0,0,0,0,0,"FALSE"
"50","      The Advertiser "," We are looking for a Data Scientist to join our team. Previous experience in data mining, modelling and visualisation is necessary....",1,1,0,1,0,1,0,0,0,0,1,0,0,0,0,0,0,0,0,0,"FALSE"
"51","      Rolls-Royce "," Experienced in exploring and visualising data, being able to work with large data sets. Experienced in the use of one or more current analytical / big data...",1,1,1,0,0,1,1,1,1,1,1,1,1,0,1,1,0,0,0,0,"FALSE"
"52",NA," Experience handling large scale data and/or big data platform. Conduct ad-hoc data analysis; Deep understanding of and experience with machine learning models...",0,1,0,0,0,0,0,0,0,0,0,0,0,0,0,0,0,0,0,0,"FALSE"
"53","      Dell "," Prior relevant experience in data management, automation, IT programming, forecasting, data mining or statistical modeling....",0,1,0,0,0,1,1,1,0,0,1,0,1,0,0,0,1,1,1,0,"FALSE"
"54","    Quinnox Solutions SG "," 2+ experience as data scientist working on various data science projects. Familiar with big data technologies like Hadoop, Hive, Pig and Spark....",1,1,0,0,0,0,0,1,0,0,0,1,0,0,1,1,1,0,0,0,"FALSE"
"55","    Quinnox Solutions "," 2+ experience as data scientist working on various data science projects. Familiar with big data technologies like Hadoop, Hive, Pig and Spark....",1,1,0,0,0,0,0,1,0,0,0,1,0,0,1,1,1,0,0,0,"FALSE"
"56","      Skyscanner "," A real passion for Data Analysis, Big Data & Software Engineering. As a Data Scientist at Skyscanner you can expect a wide variety of challenging Big Data...",1,1,0,1,1,0,0,1,0,1,1,1,1,0,1,1,1,0,0,0,"TRUE"
"57","      BNP Paribas "," Knowledge in machine learning and data engineering with experience in implementing solutions managing large amount of data....",1,1,0,0,0,0,0,1,0,0,0,1,1,0,1,1,0,0,0,0,"TRUE"
"58","    Carousell "," Investigate and research data quality and integrity from data sources. Assisting the Data Scientist in getting the Machine Learning models to production ready....",1,1,0,0,1,0,0,1,0,0,0,1,0,0,1,0,0,0,0,0,"FALSE"
"59","      The Advertiser "," We are looking for a Data Scientist to join our team. Previous experience in data mining, modelling and visualisation is necessary....",1,1,0,1,0,1,0,0,0,0,1,0,0,0,0,0,0,0,0,0,"FALSE"
"60",NA," Using data modeling, linear regression, statistical methods and proprietary data, your role is to discover trends and provide understandings/estimates based on...",0,1,0,0,0,0,0,0,0,0,0,0,0,0,0,0,0,0,0,0,"FALSE"
"61","      Rolls-Royce "," Experienced in exploring and visualising data, being able to work with large data sets. Experienced in the use of one or more current analytical / big data...",1,1,1,0,0,1,1,1,1,1,1,1,1,0,1,1,0,0,0,0,"FALSE"
"62",NA," Experience handling large scale data and/or big data platform. Conduct ad-hoc data analysis; Deep understanding of and experience with machine learning models...",0,1,0,0,0,0,0,0,0,0,0,0,0,0,0,0,0,0,0,0,"FALSE"
"63","      Dell "," Prior relevant experience in data management, automation, IT programming, forecasting, data mining or statistical modeling....",0,1,0,0,0,1,1,1,0,0,1,0,1,0,0,0,1,1,1,0,"FALSE"
"64","    Quinnox Solutions SG "," 2+ experience as data scientist working on various data science projects. Familiar with big data technologies like Hadoop, Hive, Pig and Spark....",1,1,0,0,0,0,0,1,0,0,0,1,0,0,1,1,1,0,0,0,"FALSE"
"65","    Quinnox Solutions "," 2+ experience as data scientist working on various data science projects. Familiar with big data technologies like Hadoop, Hive, Pig and Spark....",1,1,0,0,0,0,0,1,0,0,0,1,0,0,1,1,1,0,0,0,"FALSE"
"66","      Skyscanner "," A real passion for Data Analysis, Big Data & Software Engineering. As a Data Scientist at Skyscanner you can expect a wide variety of challenging Big Data...",1,1,0,1,1,0,0,1,0,1,1,1,1,0,1,1,1,0,0,0,"TRUE"
"67","      BNP Paribas "," Knowledge in machine learning and data engineering with experience in implementing solutions managing large amount of data....",1,1,0,0,0,0,0,1,0,0,0,1,1,0,1,1,0,0,0,0,"TRUE"
"68","    Carousell "," Investigate and research data quality and integrity from data sources. Assisting the Data Scientist in getting the Machine Learning models to production ready....",1,1,0,0,1,0,0,1,0,0,0,1,0,0,1,0,0,0,0,0,"FALSE"
"69","      The Advertiser "," We are looking for a Data Scientist to join our team. Previous experience in data mining, modelling and visualisation is necessary....",1,1,0,1,0,1,0,0,0,0,1,0,0,0,0,0,0,0,0,0,"FALSE"
"70",NA," Using data modeling, linear regression, statistical methods and proprietary data, your role is to discover trends and provide understandings/estimates based on...",0,1,0,0,0,0,0,0,0,0,0,0,0,0,0,0,0,0,0,0,"FALSE"
"71","      Rolls-Royce "," Experienced in exploring and visualising data, being able to work with large data sets. Experienced in the use of one or more current analytical / big data...",1,1,1,0,0,1,1,1,1,1,1,1,1,0,1,1,0,0,0,0,"FALSE"
"72",NA," Experience handling large scale data and/or big data platform. Conduct ad-hoc data analysis; Deep understanding of and experience with machine learning models...",0,1,0,0,0,0,0,0,0,0,0,0,0,0,0,0,0,0,0,0,"FALSE"
"73","      Dell "," Prior relevant experience in data management, automation, IT programming, forecasting, data mining or statistical modeling....",0,1,0,0,0,1,1,1,0,0,1,0,1,0,0,0,1,1,1,0,"FALSE"
"74","    Quinnox Solutions SG "," 2+ experience as data scientist working on various data science projects. Familiar with big data technologies like Hadoop, Hive, Pig and Spark....",1,1,0,0,0,0,0,1,0,0,0,1,0,0,1,1,1,0,0,0,"FALSE"
"75","    Quinnox Solutions "," 2+ experience as data scientist working on various data science projects. Familiar with big data technologies like Hadoop, Hive, Pig and Spark....",1,1,0,0,0,0,0,1,0,0,0,1,0,0,1,1,1,0,0,0,"FALSE"
"76","      Skyscanner "," A real passion for Data Analysis, Big Data & Software Engineering. As a Data Scientist at Skyscanner you can expect a wide variety of challenging Big Data...",1,1,0,1,1,0,0,1,0,1,1,1,1,0,1,1,1,0,0,0,"TRUE"
"77","      BNP Paribas "," Knowledge in machine learning and data engineering with experience in implementing solutions managing large amount of data....",1,1,0,0,0,0,0,1,0,0,0,1,1,0,1,1,0,0,0,0,"TRUE"
"78","    Carousell "," Investigate and research data quality and integrity from data sources. Assisting the Data Scientist in getting the Machine Learning models to production ready....",1,1,0,0,1,0,0,1,0,0,0,1,0,0,1,0,0,0,0,0,"FALSE"
"79","      The Advertiser "," We are looking for a Data Scientist to join our team. Previous experience in data mining, modelling and visualisation is necessary....",1,1,0,1,0,1,0,0,0,0,1,0,0,0,0,0,0,0,0,0,"FALSE"
"80",NA," Using data modeling, linear regression, statistical methods and proprietary data, your role is to discover trends and provide understandings/estimates based on...",0,1,0,0,0,0,0,0,0,0,0,0,0,0,0,0,0,0,0,0,"FALSE"
"81","      Rolls-Royce "," Experienced in exploring and visualising data, being able to work with large data sets. Experienced in the use of one or more current analytical / big data...",1,1,1,0,0,1,1,1,1,1,1,1,1,0,1,1,0,0,0,0,"FALSE"
"82",NA," Experience handling large scale data and/or big data platform. Conduct ad-hoc data analysis; Deep understanding of and experience with machine learning models...",0,1,0,0,0,0,0,0,0,0,0,0,0,0,0,0,0,0,0,0,"FALSE"
"83","      Dell "," Prior relevant experience in data management, automation, IT programming, forecasting, data mining or statistical modeling....",0,1,0,0,0,1,1,1,0,0,1,0,1,0,0,0,1,1,1,0,"FALSE"
"84","    Quinnox Solutions SG "," 2+ experience as data scientist working on various data science projects. Familiar with big data technologies like Hadoop, Hive, Pig and Spark....",1,1,0,0,0,0,0,1,0,0,0,1,0,0,1,1,1,0,0,0,"FALSE"
"85","    Quinnox Solutions "," 2+ experience as data scientist working on various data science projects. Familiar with big data technologies like Hadoop, Hive, Pig and Spark....",1,1,0,0,0,0,0,1,0,0,0,1,0,0,1,1,1,0,0,0,"FALSE"
"86","      Skyscanner "," A real passion for Data Analysis, Big Data & Software Engineering. As a Data Scientist at Skyscanner you can expect a wide variety of challenging Big Data...",1,1,0,1,1,0,0,1,0,1,1,1,1,0,1,1,1,0,0,0,"TRUE"
"87","      BNP Paribas "," Knowledge in machine learning and data engineering with experience in implementing solutions managing large amount of data....",1,1,0,0,0,0,0,1,0,0,0,1,1,0,1,1,0,0,0,0,"TRUE"
"88","    Carousell "," Investigate and research data quality and integrity from data sources. Assisting the Data Scientist in getting the Machine Learning models to production ready....",1,1,0,0,1,0,0,1,0,0,0,1,0,0,1,0,0,0,0,0,"FALSE"
"89",NA," Using data modeling, linear regression, statistical methods and proprietary data, your role is to discover trends and provide understandings/estimates based on...",0,1,0,0,0,0,0,0,0,0,0,0,0,0,0,0,0,0,0,0,"FALSE"
"90","      The Advertiser "," We are looking for a Data Scientist to join our team. Previous experience in data mining, modelling and visualisation is necessary....",1,1,0,1,0,1,0,0,0,0,1,0,0,0,0,0,0,0,0,0,"FALSE"
"91","      Rolls-Royce "," Experienced in exploring and visualising data, being able to work with large data sets. Experienced in the use of one or more current analytical / big data...",1,1,1,0,0,1,1,1,1,1,1,1,1,0,1,1,0,0,0,0,"FALSE"
"92",NA," Experience handling large scale data and/or big data platform. Conduct ad-hoc data analysis; Deep understanding of and experience with machine learning models...",0,1,0,0,0,0,0,0,0,0,0,0,0,0,0,0,0,0,0,0,"FALSE"
"93","      Dell "," Prior relevant experience in data management, automation, IT programming, forecasting, data mining or statistical modeling....",0,1,0,0,0,1,1,1,0,0,1,0,1,0,0,0,1,1,1,0,"FALSE"
"94","    Quinnox Solutions SG "," 2+ experience as data scientist working on various data science projects. Familiar with big data technologies like Hadoop, Hive, Pig and Spark....",1,1,0,0,0,0,0,1,0,0,0,1,0,0,1,1,1,0,0,0,"FALSE"
"95","    Quinnox Solutions "," 2+ experience as data scientist working on various data science projects. Familiar with big data technologies like Hadoop, Hive, Pig and Spark....",1,1,0,0,0,0,0,1,0,0,0,1,0,0,1,1,1,0,0,0,"FALSE"
"96","      Skyscanner "," A real passion for Data Analysis, Big Data & Software Engineering. As a Data Scientist at Skyscanner you can expect a wide variety of challenging Big Data...",1,1,0,1,1,0,0,1,0,1,1,1,1,0,1,1,1,0,0,0,"TRUE"
"97","      BNP Paribas "," Knowledge in machine learning and data engineering with experience in implementing solutions managing large amount of data....",1,1,0,0,0,0,0,1,0,0,0,1,1,0,1,1,0,0,0,0,"TRUE"
"98","    Carousell "," Investigate and research data quality and integrity from data sources. Assisting the Data Scientist in getting the Machine Learning models to production ready....",1,1,0,0,1,0,0,1,0,0,0,1,0,0,1,0,0,0,0,0,"FALSE"
"99",NA," Using data modeling, linear regression, statistical methods and proprietary data, your role is to discover trends and provide understandings/estimates based on...",0,1,0,0,0,0,0,0,0,0,0,0,0,0,0,0,0,0,0,0,"FALSE"
"100","      The Advertiser "," We are looking for a Data Scientist to join our team. Previous experience in data mining, modelling and visualisation is necessary....",1,1,0,1,0,1,0,0,0,0,1,0,0,0,0,0,0,0,0,0,"FALSE"
"101","      Rolls-Royce "," Experienced in exploring and visualising data, being able to work with large data sets. Experienced in the use of one or more current analytical / big data...",1,1,1,0,0,1,1,1,1,1,1,1,1,0,1,1,0,0,0,0,"FALSE"
"102",NA," Experience handling large scale data and/or big data platform. Conduct ad-hoc data analysis; Deep understanding of and experience with machine learning models...",0,1,0,0,0,0,0,0,0,0,0,0,0,0,0,0,0,0,0,0,"FALSE"
"103","      Dell "," Prior relevant experience in data management, automation, IT programming, forecasting, data mining or statistical modeling....",0,1,0,0,0,1,1,1,0,0,1,0,1,0,0,0,1,1,1,0,"FALSE"
"104","    Quinnox Solutions SG "," 2+ experience as data scientist working on various data science projects. Familiar with big data technologies like Hadoop, Hive, Pig and Spark....",1,1,0,0,0,0,0,1,0,0,0,1,0,0,1,1,1,0,0,0,"FALSE"
"105","    Quinnox Solutions "," 2+ experience as data scientist working on various data science projects. Familiar with big data technologies like Hadoop, Hive, Pig and Spark....",1,1,0,0,0,0,0,1,0,0,0,1,0,0,1,1,1,0,0,0,"FALSE"
"106","      Skyscanner "," A real passion for Data Analysis, Big Data & Software Engineering. As a Data Scientist at Skyscanner you can expect a wide variety of challenging Big Data...",1,1,0,1,1,0,0,1,0,1,1,1,1,0,1,1,1,0,0,0,"TRUE"
"107","      BNP Paribas "," Knowledge in machine learning and data engineering with experience in implementing solutions managing large amount of data....",1,1,0,0,0,0,0,1,0,0,0,1,1,0,1,1,0,0,0,0,"TRUE"
"108","    Carousell "," Investigate and research data quality and integrity from data sources. Assisting the Data Scientist in getting the Machine Learning models to production ready....",1,1,0,0,1,0,0,1,0,0,0,1,0,0,1,0,0,0,0,0,"FALSE"
"109","      The Advertiser "," We are looking for a Data Scientist to join our team. Previous experience in data mining, modelling and visualisation is necessary....",1,1,0,1,0,1,0,0,0,0,1,0,0,0,0,0,0,0,0,0,"FALSE"
"110",NA," Using data modeling, linear regression, statistical methods and proprietary data, your role is to discover trends and provide understandings/estimates based on...",0,1,0,0,0,0,0,0,0,0,0,0,0,0,0,0,0,0,0,0,"FALSE"
"111","      Rolls-Royce "," Experienced in exploring and visualising data, being able to work with large data sets. Experienced in the use of one or more current analytical / big data...",1,1,1,0,0,1,1,1,1,1,1,1,1,0,1,1,0,0,0,0,"FALSE"
"112",NA," Experience handling large scale data and/or big data platform. Conduct ad-hoc data analysis; Deep understanding of and experience with machine learning models...",0,1,0,0,0,0,0,0,0,0,0,0,0,0,0,0,0,0,0,0,"FALSE"
"113","      Dell "," Prior relevant experience in data management, automation, IT programming, forecasting, data mining or statistical modeling....",0,1,0,0,0,1,1,1,0,0,1,0,1,0,0,0,1,1,1,0,"FALSE"
"114","    Quinnox Solutions SG "," 2+ experience as data scientist working on various data science projects. Familiar with big data technologies like Hadoop, Hive, Pig and Spark....",1,1,0,0,0,0,0,1,0,0,0,1,0,0,1,1,1,0,0,0,"FALSE"
"115","    Quinnox Solutions "," 2+ experience as data scientist working on various data science projects. Familiar with big data technologies like Hadoop, Hive, Pig and Spark....",1,1,0,0,0,0,0,1,0,0,0,1,0,0,1,1,1,0,0,0,"FALSE"
"116","      Skyscanner "," A real passion for Data Analysis, Big Data & Software Engineering. As a Data Scientist at Skyscanner you can expect a wide variety of challenging Big Data...",1,1,0,1,1,0,0,1,0,1,1,1,1,0,1,1,1,0,0,0,"TRUE"
"117","      BNP Paribas "," Knowledge in machine learning and data engineering with experience in implementing solutions managing large amount of data....",1,1,0,0,0,0,0,1,0,0,0,1,1,0,1,1,0,0,0,0,"TRUE"
"118","    Carousell "," Investigate and research data quality and integrity from data sources. Assisting the Data Scientist in getting the Machine Learning models to production ready....",1,1,0,0,1,0,0,1,0,0,0,1,0,0,1,0,0,0,0,0,"FALSE"
"119","      The Advertiser "," We are looking for a Data Scientist to join our team. Previous experience in data mining, modelling and visualisation is necessary....",1,1,0,1,0,1,0,0,0,0,1,0,0,0,0,0,0,0,0,0,"FALSE"
"120",NA," Using data modeling, linear regression, statistical methods and proprietary data, your role is to discover trends and provide understandings/estimates based on...",0,1,0,0,0,0,0,0,0,0,0,0,0,0,0,0,0,0,0,0,"FALSE"
"121","      Rolls-Royce "," Experienced in exploring and visualising data, being able to work with large data sets. Experienced in the use of one or more current analytical / big data...",1,1,1,0,0,1,1,1,1,1,1,1,1,0,1,1,0,0,0,0,"FALSE"
"122",NA," Experience handling large scale data and/or big data platform. Conduct ad-hoc data analysis; Deep understanding of and experience with machine learning models...",0,1,0,0,0,0,0,0,0,0,0,0,0,0,0,0,0,0,0,0,"FALSE"
"123","      Dell "," Prior relevant experience in data management, automation, IT programming, forecasting, data mining or statistical modeling....",0,1,0,0,0,1,1,1,0,0,1,0,1,0,0,0,1,1,1,0,"FALSE"
"124","    Quinnox Solutions SG "," 2+ experience as data scientist working on various data science projects. Familiar with big data technologies like Hadoop, Hive, Pig and Spark....",1,1,0,0,0,0,0,1,0,0,0,1,0,0,1,1,1,0,0,0,"FALSE"
"125","    Quinnox Solutions "," 2+ experience as data scientist working on various data science projects. Familiar with big data technologies like Hadoop, Hive, Pig and Spark....",1,1,0,0,0,0,0,1,0,0,0,1,0,0,1,1,1,0,0,0,"FALSE"
"126","      Skyscanner "," A real passion for Data Analysis, Big Data & Software Engineering. As a Data Scientist at Skyscanner you can expect a wide variety of challenging Big Data...",1,1,0,1,1,0,0,1,0,1,1,1,1,0,1,1,1,0,0,0,"TRUE"
"127","      BNP Paribas "," Knowledge in machine learning and data engineering with experience in implementing solutions managing large amount of data....",1,1,0,0,0,0,0,1,0,0,0,1,1,0,1,1,0,0,0,0,"TRUE"
"128","    Carousell "," Investigate and research data quality and integrity from data sources. Assisting the Data Scientist in getting the Machine Learning models to production ready....",1,1,0,0,1,0,0,1,0,0,0,1,0,0,1,0,0,0,0,0,"FALSE"
"129","      The Advertiser "," We are looking for a Data Scientist to join our team. Previous experience in data mining, modelling and visualisation is necessary....",1,1,0,1,0,1,0,0,0,0,1,0,0,0,0,0,0,0,0,0,"FALSE"
"130",NA," Using data modeling, linear regression, statistical methods and proprietary data, your role is to discover trends and provide understandings/estimates based on...",0,1,0,0,0,0,0,0,0,0,0,0,0,0,0,0,0,0,0,0,"FALSE"
"131","      Rolls-Royce "," Experienced in exploring and visualising data, being able to work with large data sets. Experienced in the use of one or more current analytical / big data...",1,1,1,0,0,1,1,1,1,1,1,1,1,0,1,1,0,0,0,0,"FALSE"
"132",NA," Experience handling large scale data and/or big data platform. Conduct ad-hoc data analysis; Deep understanding of and experience with machine learning models...",0,1,0,0,0,0,0,0,0,0,0,0,0,0,0,0,0,0,0,0,"FALSE"
"133","      Dell "," Prior relevant experience in data management, automation, IT programming, forecasting, data mining or statistical modeling....",0,1,0,0,0,1,1,1,0,0,1,0,1,0,0,0,1,1,1,0,"FALSE"
"134","    Quinnox Solutions SG "," 2+ experience as data scientist working on various data science projects. Familiar with big data technologies like Hadoop, Hive, Pig and Spark....",1,1,0,0,0,0,0,1,0,0,0,1,0,0,1,1,1,0,0,0,"FALSE"
"135","    Quinnox Solutions "," 2+ experience as data scientist working on various data science projects. Familiar with big data technologies like Hadoop, Hive, Pig and Spark....",1,1,0,0,0,0,0,1,0,0,0,1,0,0,1,1,1,0,0,0,"FALSE"
"136","      Skyscanner "," A real passion for Data Analysis, Big Data & Software Engineering. As a Data Scientist at Skyscanner you can expect a wide variety of challenging Big Data...",1,1,0,1,1,0,0,1,0,1,1,1,1,0,1,1,1,0,0,0,"TRUE"
"137","      BNP Paribas "," Knowledge in machine learning and data engineering with experience in implementing solutions managing large amount of data....",1,1,0,0,0,0,0,1,0,0,0,1,1,0,1,1,0,0,0,0,"TRUE"
"138","    Carousell "," Investigate and research data quality and integrity from data sources. Assisting the Data Scientist in getting the Machine Learning models to production ready....",1,1,0,0,1,0,0,1,0,0,0,1,0,0,1,0,0,0,0,0,"FALSE"
"139","      The Advertiser "," We are looking for a Data Scientist to join our team. Previous experience in data mining, modelling and visualisation is necessary....",1,1,0,1,0,1,0,0,0,0,1,0,0,0,0,0,0,0,0,0,"FALSE"
"140",NA," Using data modeling, linear regression, statistical methods and proprietary data, your role is to discover trends and provide understandings/estimates based on...",0,1,0,0,0,0,0,0,0,0,0,0,0,0,0,0,0,0,0,0,"FALSE"
"141","      Rolls-Royce "," Experienced in exploring and visualising data, being able to work with large data sets. Experienced in the use of one or more current analytical / big data...",1,1,1,0,0,1,1,1,1,1,1,1,1,0,1,1,0,0,0,0,"FALSE"
"142",NA," Experience handling large scale data and/or big data platform. Conduct ad-hoc data analysis; Deep understanding of and experience with machine learning models...",0,1,0,0,0,0,0,0,0,0,0,0,0,0,0,0,0,0,0,0,"FALSE"
"143","      Dell "," Prior relevant experience in data management, automation, IT programming, forecasting, data mining or statistical modeling....",0,1,0,0,0,1,1,1,0,0,1,0,1,0,0,0,1,1,1,0,"FALSE"
"144","    Quinnox Solutions SG "," 2+ experience as data scientist working on various data science projects. Familiar with big data technologies like Hadoop, Hive, Pig and Spark....",1,1,0,0,0,0,0,1,0,0,0,1,0,0,1,1,1,0,0,0,"FALSE"
"145","    Quinnox Solutions "," 2+ experience as data scientist working on various data science projects. Familiar with big data technologies like Hadoop, Hive, Pig and Spark....",1,1,0,0,0,0,0,1,0,0,0,1,0,0,1,1,1,0,0,0,"FALSE"
"146","      Skyscanner "," A real passion for Data Analysis, Big Data & Software Engineering. As a Data Scientist at Skyscanner you can expect a wide variety of challenging Big Data...",1,1,0,1,1,0,0,1,0,1,1,1,1,0,1,1,1,0,0,0,"TRUE"
"147","      BNP Paribas "," Knowledge in machine learning and data engineering with experience in implementing solutions managing large amount of data....",1,1,0,0,0,0,0,1,0,0,0,1,1,0,1,1,0,0,0,0,"TRUE"
"148","    Carousell "," Investigate and research data quality and integrity from data sources. Assisting the Data Scientist in getting the Machine Learning models to production ready....",1,1,0,0,1,0,0,1,0,0,0,1,0,0,1,0,0,0,0,0,"FALSE"
"149","      The Advertiser "," We are looking for a Data Scientist to join our team. Previous experience in data mining, modelling and visualisation is necessary....",1,1,0,1,0,1,0,0,0,0,1,0,0,0,0,0,0,0,0,0,"FALSE"
"150",NA," Using data modeling, linear regression, statistical methods and proprietary data, your role is to discover trends and provide understandings/estimates based on...",0,1,0,0,0,0,0,0,0,0,0,0,0,0,0,0,0,0,0,0,"FALSE"
"151","      Rolls-Royce "," Experienced in exploring and visualising data, being able to work with large data sets. Experienced in the use of one or more current analytical / big data...",1,1,1,0,0,1,1,1,1,1,1,1,1,0,1,1,0,0,0,0,"FALSE"
"152",NA," Experience handling large scale data and/or big data platform. Conduct ad-hoc data analysis; Deep understanding of and experience with machine learning models...",0,1,0,0,0,0,0,0,0,0,0,0,0,0,0,0,0,0,0,0,"FALSE"
"153","      Dell "," Prior relevant experience in data management, automation, IT programming, forecasting, data mining or statistical modeling....",0,1,0,0,0,1,1,1,0,0,1,0,1,0,0,0,1,1,1,0,"FALSE"
"154","    Quinnox Solutions SG "," 2+ experience as data scientist working on various data science projects. Familiar with big data technologies like Hadoop, Hive, Pig and Spark....",1,1,0,0,0,0,0,1,0,0,0,1,0,0,1,1,1,0,0,0,"FALSE"
"155","    Quinnox Solutions "," 2+ experience as data scientist working on various data science projects. Familiar with big data technologies like Hadoop, Hive, Pig and Spark....",1,1,0,0,0,0,0,1,0,0,0,1,0,0,1,1,1,0,0,0,"FALSE"
"156","      Skyscanner "," A real passion for Data Analysis, Big Data & Software Engineering. As a Data Scientist at Skyscanner you can expect a wide variety of challenging Big Data...",1,1,0,1,1,0,0,1,0,1,1,1,1,0,1,1,1,0,0,0,"TRUE"
"157","      BNP Paribas "," Knowledge in machine learning and data engineering with experience in implementing solutions managing large amount of data....",1,1,0,0,0,0,0,1,0,0,0,1,1,0,1,1,0,0,0,0,"TRUE"
"158","    Carousell "," Investigate and research data quality and integrity from data sources. Assisting the Data Scientist in getting the Machine Learning models to production ready....",1,1,0,0,1,0,0,1,0,0,0,1,0,0,1,0,0,0,0,0,"FALSE"
"159","      The Advertiser "," We are looking for a Data Scientist to join our team. Previous experience in data mining, modelling and visualisation is necessary....",1,1,0,1,0,1,0,0,0,0,1,0,0,0,0,0,0,0,0,0,"FALSE"
"160",NA," Using data modeling, linear regression, statistical methods and proprietary data, your role is to discover trends and provide understandings/estimates based on...",0,1,0,0,0,0,0,0,0,0,0,0,0,0,0,0,0,0,0,0,"FALSE"
"161","      Rolls-Royce "," Experienced in exploring and visualising data, being able to work with large data sets. Experienced in the use of one or more current analytical / big data...",1,1,1,0,0,1,1,1,1,1,1,1,1,0,1,1,0,0,0,0,"FALSE"
"162",NA," Experience handling large scale data and/or big data platform. Conduct ad-hoc data analysis; Deep understanding of and experience with machine learning models...",0,1,0,0,0,0,0,0,0,0,0,0,0,0,0,0,0,0,0,0,"FALSE"
"163","      Dell "," Prior relevant experience in data management, automation, IT programming, forecasting, data mining or statistical modeling....",0,1,0,0,0,1,1,1,0,0,1,0,1,0,0,0,1,1,1,0,"FALSE"
"164","    Quinnox Solutions SG "," 2+ experience as data scientist working on various data science projects. Familiar with big data technologies like Hadoop, Hive, Pig and Spark....",1,1,0,0,0,0,0,1,0,0,0,1,0,0,1,1,1,0,0,0,"FALSE"
"165","    Quinnox Solutions "," 2+ experience as data scientist working on various data science projects. Familiar with big data technologies like Hadoop, Hive, Pig and Spark....",1,1,0,0,0,0,0,1,0,0,0,1,0,0,1,1,1,0,0,0,"FALSE"
"166","      Skyscanner "," A real passion for Data Analysis, Big Data & Software Engineering. As a Data Scientist at Skyscanner you can expect a wide variety of challenging Big Data...",1,1,0,1,1,0,0,1,0,1,1,1,1,0,1,1,1,0,0,0,"TRUE"
"167","      BNP Paribas "," Knowledge in machine learning and data engineering with experience in implementing solutions managing large amount of data....",1,1,0,0,0,0,0,1,0,0,0,1,1,0,1,1,0,0,0,0,"TRUE"
"168","    Carousell "," Investigate and research data quality and integrity from data sources. Assisting the Data Scientist in getting the Machine Learning models to production ready....",1,1,0,0,1,0,0,1,0,0,0,1,0,0,1,0,0,0,0,0,"FALSE"
"169","      The Advertiser "," We are looking for a Data Scientist to join our team. Previous experience in data mining, modelling and visualisation is necessary....",1,1,0,1,0,1,0,0,0,0,1,0,0,0,0,0,0,0,0,0,"FALSE"
"170",NA," Using data modeling, linear regression, statistical methods and proprietary data, your role is to discover trends and provide understandings/estimates based on...",0,1,0,0,0,0,0,0,0,0,0,0,0,0,0,0,0,0,0,0,"FALSE"
"171","      Rolls-Royce "," Experienced in exploring and visualising data, being able to work with large data sets. Experienced in the use of one or more current analytical / big data...",1,1,1,0,0,1,1,1,1,1,1,1,1,0,1,1,0,0,0,0,"FALSE"
"172",NA," Experience handling large scale data and/or big data platform. Conduct ad-hoc data analysis; Deep understanding of and experience with machine learning models...",0,1,0,0,0,0,0,0,0,0,0,0,0,0,0,0,0,0,0,0,"FALSE"
"173","      Dell "," Prior relevant experience in data management, automation, IT programming, forecasting, data mining or statistical modeling....",0,1,0,0,0,1,1,1,0,0,1,0,1,0,0,0,1,1,1,0,"FALSE"
"174","    Quinnox Solutions SG "," 2+ experience as data scientist working on various data science projects. Familiar with big data technologies like Hadoop, Hive, Pig and Spark....",1,1,0,0,0,0,0,1,0,0,0,1,0,0,1,1,1,0,0,0,"FALSE"
"175","    Quinnox Solutions "," 2+ experience as data scientist working on various data science projects. Familiar with big data technologies like Hadoop, Hive, Pig and Spark....",1,1,0,0,0,0,0,1,0,0,0,1,0,0,1,1,1,0,0,0,"FALSE"
"176","      Skyscanner "," A real passion for Data Analysis, Big Data & Software Engineering. As a Data Scientist at Skyscanner you can expect a wide variety of challenging Big Data...",1,1,0,1,1,0,0,1,0,1,1,1,1,0,1,1,1,0,0,0,"TRUE"
"177","      BNP Paribas "," Knowledge in machine learning and data engineering with experience in implementing solutions managing large amount of data....",1,1,0,0,0,0,0,1,0,0,0,1,1,0,1,1,0,0,0,0,"TRUE"
"178","    Carousell "," Investigate and research data quality and integrity from data sources. Assisting the Data Scientist in getting the Machine Learning models to production ready....",1,1,0,0,1,0,0,1,0,0,0,1,0,0,1,0,0,0,0,0,"FALSE"
"179",NA," Using data modeling, linear regression, statistical methods and proprietary data, your role is to discover trends and provide understandings/estimates based on...",0,1,0,0,0,0,0,0,0,0,0,0,0,0,0,0,0,0,0,0,"FALSE"
"180","      The Advertiser "," We are looking for a Data Scientist to join our team. Previous experience in data mining, modelling and visualisation is necessary....",1,1,0,1,0,1,0,0,0,0,1,0,0,0,0,0,0,0,0,0,"FALSE"
"181","      Rolls-Royce "," Experienced in exploring and visualising data, being able to work with large data sets. Experienced in the use of one or more current analytical / big data...",1,1,1,0,0,1,1,1,1,1,1,1,1,0,1,1,0,0,0,0,"FALSE"
"182",NA," Experience handling large scale data and/or big data platform. Conduct ad-hoc data analysis; Deep understanding of and experience with machine learning models...",0,1,0,0,0,0,0,0,0,0,0,0,0,0,0,0,0,0,0,0,"FALSE"
"183","      Dell "," Prior relevant experience in data management, automation, IT programming, forecasting, data mining or statistical modeling....",0,1,0,0,0,1,1,1,0,0,1,0,1,0,0,0,1,1,1,0,"FALSE"
"184","    Quinnox Solutions SG "," 2+ experience as data scientist working on various data science projects. Familiar with big data technologies like Hadoop, Hive, Pig and Spark....",1,1,0,0,0,0,0,1,0,0,0,1,0,0,1,1,1,0,0,0,"FALSE"
"185","    Quinnox Solutions "," 2+ experience as data scientist working on various data science projects. Familiar with big data technologies like Hadoop, Hive, Pig and Spark....",1,1,0,0,0,0,0,1,0,0,0,1,0,0,1,1,1,0,0,0,"FALSE"
"186","      Skyscanner "," A real passion for Data Analysis, Big Data & Software Engineering. As a Data Scientist at Skyscanner you can expect a wide variety of challenging Big Data...",1,1,0,1,1,0,0,1,0,1,1,1,1,0,1,1,1,0,0,0,"TRUE"
"187","      BNP Paribas "," Knowledge in machine learning and data engineering with experience in implementing solutions managing large amount of data....",1,1,0,0,0,0,0,1,0,0,0,1,1,0,1,1,0,0,0,0,"TRUE"
"188","    Carousell "," Investigate and research data quality and integrity from data sources. Assisting the Data Scientist in getting the Machine Learning models to production ready....",1,1,0,0,1,0,0,1,0,0,0,1,0,0,1,0,0,0,0,0,"FALSE"
"189","      The Advertiser "," We are looking for a Data Scientist to join our team. Previous experience in data mining, modelling and visualisation is necessary....",1,1,0,1,0,1,0,0,0,0,1,0,0,0,0,0,0,0,0,0,"FALSE"
"190",NA," Using data modeling, linear regression, statistical methods and proprietary data, your role is to discover trends and provide understandings/estimates based on...",0,1,0,0,0,0,0,0,0,0,0,0,0,0,0,0,0,0,0,0,"FALSE"
"191","      Rolls-Royce "," Experienced in exploring and visualising data, being able to work with large data sets. Experienced in the use of one or more current analytical / big data...",1,1,1,0,0,1,1,1,1,1,1,1,1,0,1,1,0,0,0,0,"FALSE"
"192",NA," Experience handling large scale data and/or big data platform. Conduct ad-hoc data analysis; Deep understanding of and experience with machine learning models...",0,1,0,0,0,0,0,0,0,0,0,0,0,0,0,0,0,0,0,0,"FALSE"
"193","      Dell "," Prior relevant experience in data management, automation, IT programming, forecasting, data mining or statistical modeling....",0,1,0,0,0,1,1,1,0,0,1,0,1,0,0,0,1,1,1,0,"FALSE"
"194","    Quinnox Solutions SG "," 2+ experience as data scientist working on various data science projects. Familiar with big data technologies like Hadoop, Hive, Pig and Spark....",1,1,0,0,0,0,0,1,0,0,0,1,0,0,1,1,1,0,0,0,"FALSE"
"195","    Quinnox Solutions "," 2+ experience as data scientist working on various data science projects. Familiar with big data technologies like Hadoop, Hive, Pig and Spark....",1,1,0,0,0,0,0,1,0,0,0,1,0,0,1,1,1,0,0,0,"FALSE"
"196","      Skyscanner "," A real passion for Data Analysis, Big Data & Software Engineering. As a Data Scientist at Skyscanner you can expect a wide variety of challenging Big Data...",1,1,0,1,1,0,0,1,0,1,1,1,1,0,1,1,1,0,0,0,"TRUE"
"197","      BNP Paribas "," Knowledge in machine learning and data engineering with experience in implementing solutions managing large amount of data....",1,1,0,0,0,0,0,1,0,0,0,1,1,0,1,1,0,0,0,0,"TRUE"
"198","    Carousell "," Investigate and research data quality and integrity from data sources. Assisting the Data Scientist in getting the Machine Learning models to production ready....",1,1,0,0,1,0,0,1,0,0,0,1,0,0,1,0,0,0,0,0,"FALSE"
"199",NA," Using data modeling, linear regression, statistical methods and proprietary data, your role is to discover trends and provide understandings/estimates based on...",0,1,0,0,0,0,0,0,0,0,0,0,0,0,0,0,0,0,0,0,"FALSE"
"200","      The Advertiser "," We are looking for a Data Scientist to join our team. Previous experience in data mining, modelling and visualisation is necessary....",1,1,0,1,0,1,0,0,0,0,1,0,0,0,0,0,0,0,0,0,"FALSE"
"201","      Rolls-Royce "," Experienced in exploring and visualising data, being able to work with large data sets. Experienced in the use of one or more current analytical / big data...",1,1,1,0,0,1,1,1,1,1,1,1,1,0,1,1,0,0,0,0,"FALSE"
"202",NA," Experience handling large scale data and/or big data platform. Conduct ad-hoc data analysis; Deep understanding of and experience with machine learning models...",0,1,0,0,0,0,0,0,0,0,0,0,0,0,0,0,0,0,0,0,"FALSE"
"203","      Dell "," Prior relevant experience in data management, automation, IT programming, forecasting, data mining or statistical modeling....",0,1,0,0,0,1,1,1,0,0,1,0,1,0,0,0,1,1,1,0,"FALSE"
"204","    Quinnox Solutions SG "," 2+ experience as data scientist working on various data science projects. Familiar with big data technologies like Hadoop, Hive, Pig and Spark....",1,1,0,0,0,0,0,1,0,0,0,1,0,0,1,1,1,0,0,0,"FALSE"
"205","    Quinnox Solutions "," 2+ experience as data scientist working on various data science projects. Familiar with big data technologies like Hadoop, Hive, Pig and Spark....",1,1,0,0,0,0,0,1,0,0,0,1,0,0,1,1,1,0,0,0,"FALSE"
"206","      Skyscanner "," A real passion for Data Analysis, Big Data & Software Engineering. As a Data Scientist at Skyscanner you can expect a wide variety of challenging Big Data...",1,1,0,1,1,0,0,1,0,1,1,1,1,0,1,1,1,0,0,0,"TRUE"
"207","      BNP Paribas "," Knowledge in machine learning and data engineering with experience in implementing solutions managing large amount of data....",1,1,0,0,0,0,0,1,0,0,0,1,1,0,1,1,0,0,0,0,"TRUE"
"208","    Carousell "," Investigate and research data quality and integrity from data sources. Assisting the Data Scientist in getting the Machine Learning models to production ready....",1,1,0,0,1,0,0,1,0,0,0,1,0,0,1,0,0,0,0,0,"FALSE"
"209","      The Advertiser "," We are looking for a Data Scientist to join our team. Previous experience in data mining, modelling and visualisation is necessary....",1,1,0,1,0,1,0,0,0,0,1,0,0,0,0,0,0,0,0,0,"FALSE"
"210",NA," Using data modeling, linear regression, statistical methods and proprietary data, your role is to discover trends and provide understandings/estimates based on...",0,1,0,0,0,0,0,0,0,0,0,0,0,0,0,0,0,0,0,0,"FALSE"
"211","      Rolls-Royce "," Experienced in exploring and visualising data, being able to work with large data sets. Experienced in the use of one or more current analytical / big data...",1,1,1,0,0,1,1,1,1,1,1,1,1,0,1,1,0,0,0,0,"FALSE"
"212",NA," Experience handling large scale data and/or big data platform. Conduct ad-hoc data analysis; Deep understanding of and experience with machine learning models...",0,1,0,0,0,0,0,0,0,0,0,0,0,0,0,0,0,0,0,0,"FALSE"
"213","      Dell "," Prior relevant experience in data management, automation, IT programming, forecasting, data mining or statistical modeling....",0,1,0,0,0,1,1,1,0,0,1,0,1,0,0,0,1,1,1,0,"FALSE"
"214","    Quinnox Solutions SG "," 2+ experience as data scientist working on various data science projects. Familiar with big data technologies like Hadoop, Hive, Pig and Spark....",1,1,0,0,0,0,0,1,0,0,0,1,0,0,1,1,1,0,0,0,"FALSE"
"215","    Quinnox Solutions "," 2+ experience as data scientist working on various data science projects. Familiar with big data technologies like Hadoop, Hive, Pig and Spark....",1,1,0,0,0,0,0,1,0,0,0,1,0,0,1,1,1,0,0,0,"FALSE"
"216","      Skyscanner "," A real passion for Data Analysis, Big Data & Software Engineering. As a Data Scientist at Skyscanner you can expect a wide variety of challenging Big Data...",1,1,0,1,1,0,0,1,0,1,1,1,1,0,1,1,1,0,0,0,"TRUE"
"217","      BNP Paribas "," Knowledge in machine learning and data engineering with experience in implementing solutions managing large amount of data....",1,1,0,0,0,0,0,1,0,0,0,1,1,0,1,1,0,0,0,0,"TRUE"
"218","    Carousell "," Investigate and research data quality and integrity from data sources. Assisting the Data Scientist in getting the Machine Learning models to production ready....",1,1,0,0,1,0,0,1,0,0,0,1,0,0,1,0,0,0,0,0,"FALSE"
"219","      The Advertiser "," We are looking for a Data Scientist to join our team. Previous experience in data mining, modelling and visualisation is necessary....",1,1,0,1,0,1,0,0,0,0,1,0,0,0,0,0,0,0,0,0,"FALSE"
"220",NA," Using data modeling, linear regression, statistical methods and proprietary data, your role is to discover trends and provide understandings/estimates based on...",0,1,0,0,0,0,0,0,0,0,0,0,0,0,0,0,0,0,0,0,"FALSE"
"221","      Rolls-Royce "," Experienced in exploring and visualising data, being able to work with large data sets. Experienced in the use of one or more current analytical / big data...",1,1,1,0,0,1,1,1,1,1,1,1,1,0,1,1,0,0,0,0,"FALSE"
"222",NA," Experience handling large scale data and/or big data platform. Conduct ad-hoc data analysis; Deep understanding of and experience with machine learning models...",0,1,0,0,0,0,0,0,0,0,0,0,0,0,0,0,0,0,0,0,"FALSE"
"223","      Dell "," Prior relevant experience in data management, automation, IT programming, forecasting, data mining or statistical modeling....",0,1,0,0,0,1,1,1,0,0,1,0,1,0,0,0,1,1,1,0,"FALSE"
"224","    Quinnox Solutions SG "," 2+ experience as data scientist working on various data science projects. Familiar with big data technologies like Hadoop, Hive, Pig and Spark....",1,1,0,0,0,0,0,1,0,0,0,1,0,0,1,1,1,0,0,0,"FALSE"
"225","    Quinnox Solutions "," 2+ experience as data scientist working on various data science projects. Familiar with big data technologies like Hadoop, Hive, Pig and Spark....",1,1,0,0,0,0,0,1,0,0,0,1,0,0,1,1,1,0,0,0,"FALSE"
"226","      Skyscanner "," A real passion for Data Analysis, Big Data & Software Engineering. As a Data Scientist at Skyscanner you can expect a wide variety of challenging Big Data...",1,1,0,1,1,0,0,1,0,1,1,1,1,0,1,1,1,0,0,0,"TRUE"
"227","      BNP Paribas "," Knowledge in machine learning and data engineering with experience in implementing solutions managing large amount of data....",1,1,0,0,0,0,0,1,0,0,0,1,1,0,1,1,0,0,0,0,"TRUE"
"228","    Carousell "," Investigate and research data quality and integrity from data sources. Assisting the Data Scientist in getting the Machine Learning models to production ready....",1,1,0,0,1,0,0,1,0,0,0,1,0,0,1,0,0,0,0,0,"FALSE"
"229","      The Advertiser "," We are looking for a Data Scientist to join our team. Previous experience in data mining, modelling and visualisation is necessary....",1,1,0,1,0,1,0,0,0,0,1,0,0,0,0,0,0,0,0,0,"FALSE"
"230",NA," Using data modeling, linear regression, statistical methods and proprietary data, your role is to discover trends and provide understandings/estimates based on...",0,1,0,0,0,0,0,0,0,0,0,0,0,0,0,0,0,0,0,0,"FALSE"
"231","      Rolls-Royce "," Experienced in exploring and visualising data, being able to work with large data sets. Experienced in the use of one or more current analytical / big data...",1,1,1,0,0,1,1,1,1,1,1,1,1,0,1,1,0,0,0,0,"FALSE"
"232",NA," Experience handling large scale data and/or big data platform. Conduct ad-hoc data analysis; Deep understanding of and experience with machine learning models...",0,1,0,0,0,0,0,0,0,0,0,0,0,0,0,0,0,0,0,0,"FALSE"
"233","      Dell "," Prior relevant experience in data management, automation, IT programming, forecasting, data mining or statistical modeling....",0,1,0,0,0,1,1,1,0,0,1,0,1,0,0,0,1,1,1,0,"FALSE"
"234","    Quinnox Solutions SG "," 2+ experience as data scientist working on various data science projects. Familiar with big data technologies like Hadoop, Hive, Pig and Spark....",1,1,0,0,0,0,0,1,0,0,0,1,0,0,1,1,1,0,0,0,"FALSE"
"235","    Quinnox Solutions "," 2+ experience as data scientist working on various data science projects. Familiar with big data technologies like Hadoop, Hive, Pig and Spark....",1,1,0,0,0,0,0,1,0,0,0,1,0,0,1,1,1,0,0,0,"FALSE"
"236","      Skyscanner "," A real passion for Data Analysis, Big Data & Software Engineering. As a Data Scientist at Skyscanner you can expect a wide variety of challenging Big Data...",1,1,0,1,1,0,0,1,0,1,1,1,1,0,1,1,1,0,0,0,"TRUE"
"237","      BNP Paribas "," Knowledge in machine learning and data engineering with experience in implementing solutions managing large amount of data....",1,1,0,0,0,0,0,1,0,0,0,1,1,0,1,1,0,0,0,0,"TRUE"
"238","    Carousell "," Investigate and research data quality and integrity from data sources. Assisting the Data Scientist in getting the Machine Learning models to production ready....",1,1,0,0,1,0,0,1,0,0,0,1,0,0,1,0,0,0,0,0,"FALSE"
"239",NA," Using data modeling, linear regression, statistical methods and proprietary data, your role is to discover trends and provide understandings/estimates based on...",0,1,0,0,0,0,0,0,0,0,0,0,0,0,0,0,0,0,0,0,"FALSE"
"240","      The Advertiser "," We are looking for a Data Scientist to join our team. Previous experience in data mining, modelling and visualisation is necessary....",1,1,0,1,0,1,0,0,0,0,1,0,0,0,0,0,0,0,0,0,"FALSE"
"241","      Rolls-Royce "," Experienced in exploring and visualising data, being able to work with large data sets. Experienced in the use of one or more current analytical / big data...",1,1,1,0,0,1,1,1,1,1,1,1,1,0,1,1,0,0,0,0,"FALSE"
"242",NA," Experience handling large scale data and/or big data platform. Conduct ad-hoc data analysis; Deep understanding of and experience with machine learning models...",0,1,0,0,0,0,0,0,0,0,0,0,0,0,0,0,0,0,0,0,"FALSE"
"243","      Dell "," Prior relevant experience in data management, automation, IT programming, forecasting, data mining or statistical modeling....",0,1,0,0,0,1,1,1,0,0,1,0,1,0,0,0,1,1,1,0,"FALSE"
"244","    Quinnox Solutions SG "," 2+ experience as data scientist working on various data science projects. Familiar with big data technologies like Hadoop, Hive, Pig and Spark....",1,1,0,0,0,0,0,1,0,0,0,1,0,0,1,1,1,0,0,0,"FALSE"
"245","    Quinnox Solutions "," 2+ experience as data scientist working on various data science projects. Familiar with big data technologies like Hadoop, Hive, Pig and Spark....",1,1,0,0,0,0,0,1,0,0,0,1,0,0,1,1,1,0,0,0,"FALSE"
"246","      Skyscanner "," A real passion for Data Analysis, Big Data & Software Engineering. As a Data Scientist at Skyscanner you can expect a wide variety of challenging Big Data...",1,1,0,1,1,0,0,1,0,1,1,1,1,0,1,1,1,0,0,0,"TRUE"
"247","      BNP Paribas "," Knowledge in machine learning and data engineering with experience in implementing solutions managing large amount of data....",1,1,0,0,0,0,0,1,0,0,0,1,1,0,1,1,0,0,0,0,"TRUE"
"248","    Carousell "," Investigate and research data quality and integrity from data sources. Assisting the Data Scientist in getting the Machine Learning models to production ready....",1,1,0,0,1,0,0,1,0,0,0,1,0,0,1,0,0,0,0,0,"FALSE"
"249","      The Advertiser "," We are looking for a Data Scientist to join our team. Previous experience in data mining, modelling and visualisation is necessary....",1,1,0,1,0,1,0,0,0,0,1,0,0,0,0,0,0,0,0,0,"FALSE"
"250",NA," Using data modeling, linear regression, statistical methods and proprietary data, your role is to discover trends and provide understandings/estimates based on...",0,1,0,0,0,0,0,0,0,0,0,0,0,0,0,0,0,0,0,0,"FALSE"
"251","      Rolls-Royce "," Experienced in exploring and visualising data, being able to work with large data sets. Experienced in the use of one or more current analytical / big data...",1,1,1,0,0,1,1,1,1,1,1,1,1,0,1,1,0,0,0,0,"FALSE"
"252",NA," Experience handling large scale data and/or big data platform. Conduct ad-hoc data analysis; Deep understanding of and experience with machine learning models...",0,1,0,0,0,0,0,0,0,0,0,0,0,0,0,0,0,0,0,0,"FALSE"
"253","      Dell "," Prior relevant experience in data management, automation, IT programming, forecasting, data mining or statistical modeling....",0,1,0,0,0,1,1,1,0,0,1,0,1,0,0,0,1,1,1,0,"FALSE"
"254","    Quinnox Solutions SG "," 2+ experience as data scientist working on various data science projects. Familiar with big data technologies like Hadoop, Hive, Pig and Spark....",1,1,0,0,0,0,0,1,0,0,0,1,0,0,1,1,1,0,0,0,"FALSE"
"255","    Quinnox Solutions "," 2+ experience as data scientist working on various data science projects. Familiar with big data technologies like Hadoop, Hive, Pig and Spark....",1,1,0,0,0,0,0,1,0,0,0,1,0,0,1,1,1,0,0,0,"FALSE"
"256","      Skyscanner "," A real passion for Data Analysis, Big Data & Software Engineering. As a Data Scientist at Skyscanner you can expect a wide variety of challenging Big Data...",1,1,0,1,1,0,0,1,0,1,1,1,1,0,1,1,1,0,0,0,"TRUE"
"257","      BNP Paribas "," Knowledge in machine learning and data engineering with experience in implementing solutions managing large amount of data....",1,1,0,0,0,0,0,1,0,0,0,1,1,0,1,1,0,0,0,0,"TRUE"
"258","    Carousell "," Investigate and research data quality and integrity from data sources. Assisting the Data Scientist in getting the Machine Learning models to production ready....",1,1,0,0,1,0,0,1,0,0,0,1,0,0,1,0,0,0,0,0,"FALSE"
"259","      The Advertiser "," We are looking for a Data Scientist to join our team. Previous experience in data mining, modelling and visualisation is necessary....",1,1,0,1,0,1,0,0,0,0,1,0,0,0,0,0,0,0,0,0,"FALSE"
"260",NA," Using data modeling, linear regression, statistical methods and proprietary data, your role is to discover trends and provide understandings/estimates based on...",0,1,0,0,0,0,0,0,0,0,0,0,0,0,0,0,0,0,0,0,"FALSE"
"261","      Rolls-Royce "," Experienced in exploring and visualising data, being able to work with large data sets. Experienced in the use of one or more current analytical / big data...",1,1,1,0,0,1,1,1,1,1,1,1,1,0,1,1,0,0,0,0,"FALSE"
"262",NA," Experience handling large scale data and/or big data platform. Conduct ad-hoc data analysis; Deep understanding of and experience with machine learning models...",0,1,0,0,0,0,0,0,0,0,0,0,0,0,0,0,0,0,0,0,"FALSE"
"263","      Dell "," Prior relevant experience in data management, automation, IT programming, forecasting, data mining or statistical modeling....",0,1,0,0,0,1,1,1,0,0,1,0,1,0,0,0,1,1,1,0,"FALSE"
"264","    Quinnox Solutions SG "," 2+ experience as data scientist working on various data science projects. Familiar with big data technologies like Hadoop, Hive, Pig and Spark....",1,1,0,0,0,0,0,1,0,0,0,1,0,0,1,1,1,0,0,0,"FALSE"
"265","    Quinnox Solutions "," 2+ experience as data scientist working on various data science projects. Familiar with big data technologies like Hadoop, Hive, Pig and Spark....",1,1,0,0,0,0,0,1,0,0,0,1,0,0,1,1,1,0,0,0,"FALSE"
"266","      Skyscanner "," A real passion for Data Analysis, Big Data & Software Engineering. As a Data Scientist at Skyscanner you can expect a wide variety of challenging Big Data...",1,1,0,1,1,0,0,1,0,1,1,1,1,0,1,1,1,0,0,0,"TRUE"
"267","      BNP Paribas "," Knowledge in machine learning and data engineering with experience in implementing solutions managing large amount of data....",1,1,0,0,0,0,0,1,0,0,0,1,1,0,1,1,0,0,0,0,"TRUE"
"268","    Carousell "," Investigate and research data quality and integrity from data sources. Assisting the Data Scientist in getting the Machine Learning models to production ready....",1,1,0,0,1,0,0,1,0,0,0,1,0,0,1,0,0,0,0,0,"FALSE"
"269","      The Advertiser "," We are looking for a Data Scientist to join our team. Previous experience in data mining, modelling and visualisation is necessary....",1,1,0,1,0,1,0,0,0,0,1,0,0,0,0,0,0,0,0,0,"FALSE"
"270",NA," Using data modeling, linear regression, statistical methods and proprietary data, your role is to discover trends and provide understandings/estimates based on...",0,1,0,0,0,0,0,0,0,0,0,0,0,0,0,0,0,0,0,0,"FALSE"
"271","      Rolls-Royce "," Experienced in exploring and visualising data, being able to work with large data sets. Experienced in the use of one or more current analytical / big data...",1,1,1,0,0,1,1,1,1,1,1,1,1,0,1,1,0,0,0,0,"FALSE"
"272",NA," Experience handling large scale data and/or big data platform. Conduct ad-hoc data analysis; Deep understanding of and experience with machine learning models...",0,1,0,0,0,0,0,0,0,0,0,0,0,0,0,0,0,0,0,0,"FALSE"
"273","      Dell "," Prior relevant experience in data management, automation, IT programming, forecasting, data mining or statistical modeling....",0,1,0,0,0,1,1,1,0,0,1,0,1,0,0,0,1,1,1,0,"FALSE"
"274","    Quinnox Solutions SG "," 2+ experience as data scientist working on various data science projects. Familiar with big data technologies like Hadoop, Hive, Pig and Spark....",1,1,0,0,0,0,0,1,0,0,0,1,0,0,1,1,1,0,0,0,"FALSE"
"275","    Quinnox Solutions "," 2+ experience as data scientist working on various data science projects. Familiar with big data technologies like Hadoop, Hive, Pig and Spark....",1,1,0,0,0,0,0,1,0,0,0,1,0,0,1,1,1,0,0,0,"FALSE"
"276","      Skyscanner "," A real passion for Data Analysis, Big Data & Software Engineering. As a Data Scientist at Skyscanner you can expect a wide variety of challenging Big Data...",1,1,0,1,1,0,0,1,0,1,1,1,1,0,1,1,1,0,0,0,"TRUE"
"277","      BNP Paribas "," Knowledge in machine learning and data engineering with experience in implementing solutions managing large amount of data....",1,1,0,0,0,0,0,1,0,0,0,1,1,0,1,1,0,0,0,0,"TRUE"
"278","    Carousell "," Investigate and research data quality and integrity from data sources. Assisting the Data Scientist in getting the Machine Learning models to production ready....",1,1,0,0,1,0,0,1,0,0,0,1,0,0,1,0,0,0,0,0,"FALSE"
"279","      The Advertiser "," We are looking for a Data Scientist to join our team. Previous experience in data mining, modelling and visualisation is necessary....",1,1,0,1,0,1,0,0,0,0,1,0,0,0,0,0,0,0,0,0,"FALSE"
"280",NA," Using data modeling, linear regression, statistical methods and proprietary data, your role is to discover trends and provide understandings/estimates based on...",0,1,0,0,0,0,0,0,0,0,0,0,0,0,0,0,0,0,0,0,"FALSE"
"281","      Rolls-Royce "," Experienced in exploring and visualising data, being able to work with large data sets. Experienced in the use of one or more current analytical / big data...",1,1,1,0,0,1,1,1,1,1,1,1,1,0,1,1,0,0,0,0,"FALSE"
"282",NA," Experience handling large scale data and/or big data platform. Conduct ad-hoc data analysis; Deep understanding of and experience with machine learning models...",0,1,0,0,0,0,0,0,0,0,0,0,0,0,0,0,0,0,0,0,"FALSE"
"283","      Dell "," Prior relevant experience in data management, automation, IT programming, forecasting, data mining or statistical modeling....",0,1,0,0,0,1,1,1,0,0,1,0,1,0,0,0,1,1,1,0,"FALSE"
"284","    Quinnox Solutions SG "," 2+ experience as data scientist working on various data science projects. Familiar with big data technologies like Hadoop, Hive, Pig and Spark....",1,1,0,0,0,0,0,1,0,0,0,1,0,0,1,1,1,0,0,0,"FALSE"
"285","    Quinnox Solutions "," 2+ experience as data scientist working on various data science projects. Familiar with big data technologies like Hadoop, Hive, Pig and Spark....",1,1,0,0,0,0,0,1,0,0,0,1,0,0,1,1,1,0,0,0,"FALSE"
"286","      Skyscanner "," A real passion for Data Analysis, Big Data & Software Engineering. As a Data Scientist at Skyscanner you can expect a wide variety of challenging Big Data...",1,1,0,1,1,0,0,1,0,1,1,1,1,0,1,1,1,0,0,0,"TRUE"
"287","      BNP Paribas "," Knowledge in machine learning and data engineering with experience in implementing solutions managing large amount of data....",1,1,0,0,0,0,0,1,0,0,0,1,1,0,1,1,0,0,0,0,"TRUE"
"288","    Carousell "," Investigate and research data quality and integrity from data sources. Assisting the Data Scientist in getting the Machine Learning models to production ready....",1,1,0,0,1,0,0,1,0,0,0,1,0,0,1,0,0,0,0,0,"FALSE"
"289",NA," Using data modeling, linear regression, statistical methods and proprietary data, your role is to discover trends and provide understandings/estimates based on...",0,1,0,0,0,0,0,0,0,0,0,0,0,0,0,0,0,0,0,0,"FALSE"
"290","      The Advertiser "," We are looking for a Data Scientist to join our team. Previous experience in data mining, modelling and visualisation is necessary....",1,1,0,1,0,1,0,0,0,0,1,0,0,0,0,0,0,0,0,0,"FALSE"
"291","      Rolls-Royce "," Experienced in exploring and visualising data, being able to work with large data sets. Experienced in the use of one or more current analytical / big data...",1,1,1,0,0,1,1,1,1,1,1,1,1,0,1,1,0,0,0,0,"FALSE"
"292",NA," Experience handling large scale data and/or big data platform. Conduct ad-hoc data analysis; Deep understanding of and experience with machine learning models...",0,1,0,0,0,0,0,0,0,0,0,0,0,0,0,0,0,0,0,0,"FALSE"
"293","      Dell "," Prior relevant experience in data management, automation, IT programming, forecasting, data mining or statistical modeling....",0,1,0,0,0,1,1,1,0,0,1,0,1,0,0,0,1,1,1,0,"FALSE"
"294","    Quinnox Solutions SG "," 2+ experience as data scientist working on various data science projects. Familiar with big data technologies like Hadoop, Hive, Pig and Spark....",1,1,0,0,0,0,0,1,0,0,0,1,0,0,1,1,1,0,0,0,"FALSE"
"295","    Quinnox Solutions "," 2+ experience as data scientist working on various data science projects. Familiar with big data technologies like Hadoop, Hive, Pig and Spark....",1,1,0,0,0,0,0,1,0,0,0,1,0,0,1,1,1,0,0,0,"FALSE"
"296","      Skyscanner "," A real passion for Data Analysis, Big Data & Software Engineering. As a Data Scientist at Skyscanner you can expect a wide variety of challenging Big Data...",1,1,0,1,1,0,0,1,0,1,1,1,1,0,1,1,1,0,0,0,"TRUE"
"297","      BNP Paribas "," Knowledge in machine learning and data engineering with experience in implementing solutions managing large amount of data....",1,1,0,0,0,0,0,1,0,0,0,1,1,0,1,1,0,0,0,0,"TRUE"
"298","    Carousell "," Investigate and research data quality and integrity from data sources. Assisting the Data Scientist in getting the Machine Learning models to production ready....",1,1,0,0,1,0,0,1,0,0,0,1,0,0,1,0,0,0,0,0,"FALSE"
"299",NA," Using data modeling, linear regression, statistical methods and proprietary data, your role is to discover trends and provide understandings/estimates based on...",0,1,0,0,0,0,0,0,0,0,0,0,0,0,0,0,0,0,0,0,"FALSE"
"300","      The Advertiser "," We are looking for a Data Scientist to join our team. Previous experience in data mining, modelling and visualisation is necessary....",1,1,0,1,0,1,0,0,0,0,1,0,0,0,0,0,0,0,0,0,"FALSE"
"301","      Rolls-Royce "," Experienced in exploring and visualising data, being able to work with large data sets. Experienced in the use of one or more current analytical / big data...",1,1,1,0,0,1,1,1,1,1,1,1,1,0,1,1,0,0,0,0,"FALSE"
"302",NA," Experience handling large scale data and/or big data platform. Conduct ad-hoc data analysis; Deep understanding of and experience with machine learning models...",0,1,0,0,0,0,0,0,0,0,0,0,0,0,0,0,0,0,0,0,"FALSE"
"303","      Dell "," Prior relevant experience in data management, automation, IT programming, forecasting, data mining or statistical modeling....",0,1,0,0,0,1,1,1,0,0,1,0,1,0,0,0,1,1,1,0,"FALSE"
"304","    Quinnox Solutions SG "," 2+ experience as data scientist working on various data science projects. Familiar with big data technologies like Hadoop, Hive, Pig and Spark....",1,1,0,0,0,0,0,1,0,0,0,1,0,0,1,1,1,0,0,0,"FALSE"
"305","    Quinnox Solutions "," 2+ experience as data scientist working on various data science projects. Familiar with big data technologies like Hadoop, Hive, Pig and Spark....",1,1,0,0,0,0,0,1,0,0,0,1,0,0,1,1,1,0,0,0,"FALSE"
"306","      Skyscanner "," A real passion for Data Analysis, Big Data & Software Engineering. As a Data Scientist at Skyscanner you can expect a wide variety of challenging Big Data...",1,1,0,1,1,0,0,1,0,1,1,1,1,0,1,1,1,0,0,0,"TRUE"
"307","      BNP Paribas "," Knowledge in machine learning and data engineering with experience in implementing solutions managing large amount of data....",1,1,0,0,0,0,0,1,0,0,0,1,1,0,1,1,0,0,0,0,"TRUE"
"308","    Carousell "," Investigate and research data quality and integrity from data sources. Assisting the Data Scientist in getting the Machine Learning models to production ready....",1,1,0,0,1,0,0,1,0,0,0,1,0,0,1,0,0,0,0,0,"FALSE"
"309","      The Advertiser "," We are looking for a Data Scientist to join our team. Previous experience in data mining, modelling and visualisation is necessary....",1,1,0,1,0,1,0,0,0,0,1,0,0,0,0,0,0,0,0,0,"FALSE"
"310",NA," Using data modeling, linear regression, statistical methods and proprietary data, your role is to discover trends and provide understandings/estimates based on...",0,1,0,0,0,0,0,0,0,0,0,0,0,0,0,0,0,0,0,0,"FALSE"
"311","      Rolls-Royce "," Experienced in exploring and visualising data, being able to work with large data sets. Experienced in the use of one or more current analytical / big data...",1,1,1,0,0,1,1,1,1,1,1,1,1,0,1,1,0,0,0,0,"FALSE"
"312",NA," Experience handling large scale data and/or big data platform. Conduct ad-hoc data analysis; Deep understanding of and experience with machine learning models...",0,1,0,0,0,0,0,0,0,0,0,0,0,0,0,0,0,0,0,0,"FALSE"
"313","      Dell "," Prior relevant experience in data management, automation, IT programming, forecasting, data mining or statistical modeling....",0,1,0,0,0,1,1,1,0,0,1,0,1,0,0,0,1,1,1,0,"FALSE"
"314","    Quinnox Solutions SG "," 2+ experience as data scientist working on various data science projects. Familiar with big data technologies like Hadoop, Hive, Pig and Spark....",1,1,0,0,0,0,0,1,0,0,0,1,0,0,1,1,1,0,0,0,"FALSE"
"315","    Quinnox Solutions "," 2+ experience as data scientist working on various data science projects. Familiar with big data technologies like Hadoop, Hive, Pig and Spark....",1,1,0,0,0,0,0,1,0,0,0,1,0,0,1,1,1,0,0,0,"FALSE"
"316","      Skyscanner "," A real passion for Data Analysis, Big Data & Software Engineering. As a Data Scientist at Skyscanner you can expect a wide variety of challenging Big Data...",1,1,0,1,1,0,0,1,0,1,1,1,1,0,1,1,1,0,0,0,"TRUE"
"317","      BNP Paribas "," Knowledge in machine learning and data engineering with experience in implementing solutions managing large amount of data....",1,1,0,0,0,0,0,1,0,0,0,1,1,0,1,1,0,0,0,0,"TRUE"
"318","    Carousell "," Investigate and research data quality and integrity from data sources. Assisting the Data Scientist in getting the Machine Learning models to production ready....",1,1,0,0,1,0,0,1,0,0,0,1,0,0,1,0,0,0,0,0,"FALSE"
"319",NA," Using data modeling, linear regression, statistical methods and proprietary data, your role is to discover trends and provide understandings/estimates based on...",0,1,0,0,0,0,0,0,0,0,0,0,0,0,0,0,0,0,0,0,"FALSE"
"320","      The Advertiser "," We are looking for a Data Scientist to join our team. Previous experience in data mining, modelling and visualisation is necessary....",1,1,0,1,0,1,0,0,0,0,1,0,0,0,0,0,0,0,0,0,"FALSE"
"321","      Rolls-Royce "," Experienced in exploring and visualising data, being able to work with large data sets. Experienced in the use of one or more current analytical / big data...",1,1,1,0,0,1,1,1,1,1,1,1,1,0,1,1,0,0,0,0,"FALSE"
"322",NA," Experience handling large scale data and/or big data platform. Conduct ad-hoc data analysis; Deep understanding of and experience with machine learning models...",0,1,0,0,0,0,0,0,0,0,0,0,0,0,0,0,0,0,0,0,"FALSE"
"323","      Dell "," Prior relevant experience in data management, automation, IT programming, forecasting, data mining or statistical modeling....",0,1,0,0,0,1,1,1,0,0,1,0,1,0,0,0,1,1,1,0,"FALSE"
"324","    Quinnox Solutions SG "," 2+ experience as data scientist working on various data science projects. Familiar with big data technologies like Hadoop, Hive, Pig and Spark....",1,1,0,0,0,0,0,1,0,0,0,1,0,0,1,1,1,0,0,0,"FALSE"
"325","    Quinnox Solutions "," 2+ experience as data scientist working on various data science projects. Familiar with big data technologies like Hadoop, Hive, Pig and Spark....",1,1,0,0,0,0,0,1,0,0,0,1,0,0,1,1,1,0,0,0,"FALSE"
"326","      Skyscanner "," A real passion for Data Analysis, Big Data & Software Engineering. As a Data Scientist at Skyscanner you can expect a wide variety of challenging Big Data...",1,1,0,1,1,0,0,1,0,1,1,1,1,0,1,1,1,0,0,0,"TRUE"
"327","      BNP Paribas "," Knowledge in machine learning and data engineering with experience in implementing solutions managing large amount of data....",1,1,0,0,0,0,0,1,0,0,0,1,1,0,1,1,0,0,0,0,"TRUE"
"328","    Carousell "," Investigate and research data quality and integrity from data sources. Assisting the Data Scientist in getting the Machine Learning models to production ready....",1,1,0,0,1,0,0,1,0,0,0,1,0,0,1,0,0,0,0,0,"FALSE"
"329",NA," Using data modeling, linear regression, statistical methods and proprietary data, your role is to discover trends and provide understandings/estimates based on...",0,1,0,0,0,0,0,0,0,0,0,0,0,0,0,0,0,0,0,0,"FALSE"
"330","      The Advertiser "," We are looking for a Data Scientist to join our team. Previous experience in data mining, modelling and visualisation is necessary....",1,1,0,1,0,1,0,0,0,0,1,0,0,0,0,0,0,0,0,0,"FALSE"
"331","      Rolls-Royce "," Experienced in exploring and visualising data, being able to work with large data sets. Experienced in the use of one or more current analytical / big data...",1,1,1,0,0,1,1,1,1,1,1,1,1,0,1,1,0,0,0,0,"FALSE"
"332",NA," Experience handling large scale data and/or big data platform. Conduct ad-hoc data analysis; Deep understanding of and experience with machine learning models...",0,1,0,0,0,0,0,0,0,0,0,0,0,0,0,0,0,0,0,0,"FALSE"
"333","      Dell "," Prior relevant experience in data management, automation, IT programming, forecasting, data mining or statistical modeling....",0,1,0,0,0,1,1,1,0,0,1,0,1,0,0,0,1,1,1,0,"FALSE"
"334","    Quinnox Solutions SG "," 2+ experience as data scientist working on various data science projects. Familiar with big data technologies like Hadoop, Hive, Pig and Spark....",1,1,0,0,0,0,0,1,0,0,0,1,0,0,1,1,1,0,0,0,"FALSE"
"335","    Quinnox Solutions "," 2+ experience as data scientist working on various data science projects. Familiar with big data technologies like Hadoop, Hive, Pig and Spark....",1,1,0,0,0,0,0,1,0,0,0,1,0,0,1,1,1,0,0,0,"FALSE"
"336","      Skyscanner "," A real passion for Data Analysis, Big Data & Software Engineering. As a Data Scientist at Skyscanner you can expect a wide variety of challenging Big Data...",1,1,0,1,1,0,0,1,0,1,1,1,1,0,1,1,1,0,0,0,"TRUE"
"337","      BNP Paribas "," Knowledge in machine learning and data engineering with experience in implementing solutions managing large amount of data....",1,1,0,0,0,0,0,1,0,0,0,1,1,0,1,1,0,0,0,0,"TRUE"
"338","    Carousell "," Investigate and research data quality and integrity from data sources. Assisting the Data Scientist in getting the Machine Learning models to production ready....",1,1,0,0,1,0,0,1,0,0,0,1,0,0,1,0,0,0,0,0,"FALSE"
"339",NA," Using data modeling, linear regression, statistical methods and proprietary data, your role is to discover trends and provide understandings/estimates based on...",0,1,0,0,0,0,0,0,0,0,0,0,0,0,0,0,0,0,0,0,"FALSE"
"340","      The Advertiser "," We are looking for a Data Scientist to join our team. Previous experience in data mining, modelling and visualisation is necessary....",1,1,0,1,0,1,0,0,0,0,1,0,0,0,0,0,0,0,0,0,"FALSE"
"341","      Rolls-Royce "," Experienced in exploring and visualising data, being able to work with large data sets. Experienced in the use of one or more current analytical / big data...",1,1,1,0,0,1,1,1,1,1,1,1,1,0,1,1,0,0,0,0,"FALSE"
"342",NA," Experience handling large scale data and/or big data platform. Conduct ad-hoc data analysis; Deep understanding of and experience with machine learning models...",0,1,0,0,0,0,0,0,0,0,0,0,0,0,0,0,0,0,0,0,"FALSE"
"343","      Dell "," Prior relevant experience in data management, automation, IT programming, forecasting, data mining or statistical modeling....",0,1,0,0,0,1,1,1,0,0,1,0,1,0,0,0,1,1,1,0,"FALSE"
"344","    Quinnox Solutions SG "," 2+ experience as data scientist working on various data science projects. Familiar with big data technologies like Hadoop, Hive, Pig and Spark....",1,1,0,0,0,0,0,1,0,0,0,1,0,0,1,1,1,0,0,0,"FALSE"
"345","    Quinnox Solutions "," 2+ experience as data scientist working on various data science projects. Familiar with big data technologies like Hadoop, Hive, Pig and Spark....",1,1,0,0,0,0,0,1,0,0,0,1,0,0,1,1,1,0,0,0,"FALSE"
"346","      Skyscanner "," A real passion for Data Analysis, Big Data & Software Engineering. As a Data Scientist at Skyscanner you can expect a wide variety of challenging Big Data...",1,1,0,1,1,0,0,1,0,1,1,1,1,0,1,1,1,0,0,0,"TRUE"
"347","      BNP Paribas "," Knowledge in machine learning and data engineering with experience in implementing solutions managing large amount of data....",1,1,0,0,0,0,0,1,0,0,0,1,1,0,1,1,0,0,0,0,"TRUE"
"348","    Carousell "," Investigate and research data quality and integrity from data sources. Assisting the Data Scientist in getting the Machine Learning models to production ready....",1,1,0,0,1,0,0,1,0,0,0,1,0,0,1,0,0,0,0,0,"FALSE"
"349",NA," Using data modeling, linear regression, statistical methods and proprietary data, your role is to discover trends and provide understandings/estimates based on...",0,1,0,0,0,0,0,0,0,0,0,0,0,0,0,0,0,0,0,0,"FALSE"
"350","      The Advertiser "," We are looking for a Data Scientist to join our team. Previous experience in data mining, modelling and visualisation is necessary....",1,1,0,1,0,1,0,0,0,0,1,0,0,0,0,0,0,0,0,0,"FALSE"
"351","      Rolls-Royce "," Experienced in exploring and visualising data, being able to work with large data sets. Experienced in the use of one or more current analytical / big data...",1,1,1,0,0,1,1,1,1,1,1,1,1,0,1,1,0,0,0,0,"FALSE"
"352",NA," Experience handling large scale data and/or big data platform. Conduct ad-hoc data analysis; Deep understanding of and experience with machine learning models...",0,1,0,0,0,0,0,0,0,0,0,0,0,0,0,0,0,0,0,0,"FALSE"
"353","      Dell "," Prior relevant experience in data management, automation, IT programming, forecasting, data mining or statistical modeling....",0,1,0,0,0,1,1,1,0,0,1,0,1,0,0,0,1,1,1,0,"FALSE"
"354","    Quinnox Solutions SG "," 2+ experience as data scientist working on various data science projects. Familiar with big data technologies like Hadoop, Hive, Pig and Spark....",1,1,0,0,0,0,0,1,0,0,0,1,0,0,1,1,1,0,0,0,"FALSE"
"355","    Quinnox Solutions "," 2+ experience as data scientist working on various data science projects. Familiar with big data technologies like Hadoop, Hive, Pig and Spark....",1,1,0,0,0,0,0,1,0,0,0,1,0,0,1,1,1,0,0,0,"FALSE"
"356","      Skyscanner "," A real passion for Data Analysis, Big Data & Software Engineering. As a Data Scientist at Skyscanner you can expect a wide variety of challenging Big Data...",1,1,0,1,1,0,0,1,0,1,1,1,1,0,1,1,1,0,0,0,"TRUE"
"357","      BNP Paribas "," Knowledge in machine learning and data engineering with experience in implementing solutions managing large amount of data....",1,1,0,0,0,0,0,1,0,0,0,1,1,0,1,1,0,0,0,0,"TRUE"
"358","    Carousell "," Investigate and research data quality and integrity from data sources. Assisting the Data Scientist in getting the Machine Learning models to production ready....",1,1,0,0,1,0,0,1,0,0,0,1,0,0,1,0,0,0,0,0,"FALSE"
"359",NA," Using data modeling, linear regression, statistical methods and proprietary data, your role is to discover trends and provide understandings/estimates based on...",0,1,0,0,0,0,0,0,0,0,0,0,0,0,0,0,0,0,0,0,"FALSE"
"360","      The Advertiser "," We are looking for a Data Scientist to join our team. Previous experience in data mining, modelling and visualisation is necessary....",1,1,0,1,0,1,0,0,0,0,1,0,0,0,0,0,0,0,0,0,"FALSE"
"361","      Rolls-Royce "," Experienced in exploring and visualising data, being able to work with large data sets. Experienced in the use of one or more current analytical / big data...",1,1,1,0,0,1,1,1,1,1,1,1,1,0,1,1,0,0,0,0,"FALSE"
"362",NA," Experience handling large scale data and/or big data platform. Conduct ad-hoc data analysis; Deep understanding of and experience with machine learning models...",0,1,0,0,0,0,0,0,0,0,0,0,0,0,0,0,0,0,0,0,"FALSE"
"363","      Dell "," Prior relevant experience in data management, automation, IT programming, forecasting, data mining or statistical modeling....",0,1,0,0,0,1,1,1,0,0,1,0,1,0,0,0,1,1,1,0,"FALSE"
"364","    Quinnox Solutions SG "," 2+ experience as data scientist working on various data science projects. Familiar with big data technologies like Hadoop, Hive, Pig and Spark....",1,1,0,0,0,0,0,1,0,0,0,1,0,0,1,1,1,0,0,0,"FALSE"
"365","    Quinnox Solutions "," 2+ experience as data scientist working on various data science projects. Familiar with big data technologies like Hadoop, Hive, Pig and Spark....",1,1,0,0,0,0,0,1,0,0,0,1,0,0,1,1,1,0,0,0,"FALSE"
"366","      Skyscanner "," A real passion for Data Analysis, Big Data & Software Engineering. As a Data Scientist at Skyscanner you can expect a wide variety of challenging Big Data...",1,1,0,1,1,0,0,1,0,1,1,1,1,0,1,1,1,0,0,0,"TRUE"
"367","      BNP Paribas "," Knowledge in machine learning and data engineering with experience in implementing solutions managing large amount of data....",1,1,0,0,0,0,0,1,0,0,0,1,1,0,1,1,0,0,0,0,"TRUE"
"368","    Carousell "," Investigate and research data quality and integrity from data sources. Assisting the Data Scientist in getting the Machine Learning models to production ready....",1,1,0,0,1,0,0,1,0,0,0,1,0,0,1,0,0,0,0,0,"FALSE"
"369","      The Advertiser "," We are looking for a Data Scientist to join our team. Previous experience in data mining, modelling and visualisation is necessary....",1,1,0,1,0,1,0,0,0,0,1,0,0,0,0,0,0,0,0,0,"FALSE"
"370",NA," Using data modeling, linear regression, statistical methods and proprietary data, your role is to discover trends and provide understandings/estimates based on...",0,1,0,0,0,0,0,0,0,0,0,0,0,0,0,0,0,0,0,0,"FALSE"
"371","      Rolls-Royce "," Experienced in exploring and visualising data, being able to work with large data sets. Experienced in the use of one or more current analytical / big data...",1,1,1,0,0,1,1,1,1,1,1,1,1,0,1,1,0,0,0,0,"FALSE"
"372",NA," Experience handling large scale data and/or big data platform. Conduct ad-hoc data analysis; Deep understanding of and experience with machine learning models...",0,1,0,0,0,0,0,0,0,0,0,0,0,0,0,0,0,0,0,0,"FALSE"
"373","      Dell "," Prior relevant experience in data management, automation, IT programming, forecasting, data mining or statistical modeling....",0,1,0,0,0,1,1,1,0,0,1,0,1,0,0,0,1,1,1,0,"FALSE"
"374","    Quinnox Solutions SG "," 2+ experience as data scientist working on various data science projects. Familiar with big data technologies like Hadoop, Hive, Pig and Spark....",1,1,0,0,0,0,0,1,0,0,0,1,0,0,1,1,1,0,0,0,"FALSE"
"375","    Quinnox Solutions "," 2+ experience as data scientist working on various data science projects. Familiar with big data technologies like Hadoop, Hive, Pig and Spark....",1,1,0,0,0,0,0,1,0,0,0,1,0,0,1,1,1,0,0,0,"FALSE"
"376","      Skyscanner "," A real passion for Data Analysis, Big Data & Software Engineering. As a Data Scientist at Skyscanner you can expect a wide variety of challenging Big Data...",1,1,0,1,1,0,0,1,0,1,1,1,1,0,1,1,1,0,0,0,"TRUE"
"377","      BNP Paribas "," Knowledge in machine learning and data engineering with experience in implementing solutions managing large amount of data....",1,1,0,0,0,0,0,1,0,0,0,1,1,0,1,1,0,0,0,0,"TRUE"
"378","    Carousell "," Investigate and research data quality and integrity from data sources. Assisting the Data Scientist in getting the Machine Learning models to production ready....",1,1,0,0,1,0,0,1,0,0,0,1,0,0,1,0,0,0,0,0,"FALSE"
"379",NA," Using data modeling, linear regression, statistical methods and proprietary data, your role is to discover trends and provide understandings/estimates based on...",0,1,0,0,0,0,0,0,0,0,0,0,0,0,0,0,0,0,0,0,"FALSE"
"380","      The Advertiser "," We are looking for a Data Scientist to join our team. Previous experience in data mining, modelling and visualisation is necessary....",1,1,0,1,0,1,0,0,0,0,1,0,0,0,0,0,0,0,0,0,"FALSE"
"381","      Rolls-Royce "," Experienced in exploring and visualising data, being able to work with large data sets. Experienced in the use of one or more current analytical / big data...",1,1,1,0,0,1,1,1,1,1,1,1,1,0,1,1,0,0,0,0,"FALSE"
"382",NA," Experience handling large scale data and/or big data platform. Conduct ad-hoc data analysis; Deep understanding of and experience with machine learning models...",0,1,0,0,0,0,0,0,0,0,0,0,0,0,0,0,0,0,0,0,"FALSE"
"383","      Dell "," Prior relevant experience in data management, automation, IT programming, forecasting, data mining or statistical modeling....",0,1,0,0,0,1,1,1,0,0,1,0,1,0,0,0,1,1,1,0,"FALSE"
"384","    Quinnox Solutions SG "," 2+ experience as data scientist working on various data science projects. Familiar with big data technologies like Hadoop, Hive, Pig and Spark....",1,1,0,0,0,0,0,1,0,0,0,1,0,0,1,1,1,0,0,0,"FALSE"
"385","    Quinnox Solutions "," 2+ experience as data scientist working on various data science projects. Familiar with big data technologies like Hadoop, Hive, Pig and Spark....",1,1,0,0,0,0,0,1,0,0,0,1,0,0,1,1,1,0,0,0,"FALSE"
"386","      Skyscanner "," A real passion for Data Analysis, Big Data & Software Engineering. As a Data Scientist at Skyscanner you can expect a wide variety of challenging Big Data...",1,1,0,1,1,0,0,1,0,1,1,1,1,0,1,1,1,0,0,0,"TRUE"
"387","      BNP Paribas "," Knowledge in machine learning and data engineering with experience in implementing solutions managing large amount of data....",1,1,0,0,0,0,0,1,0,0,0,1,1,0,1,1,0,0,0,0,"TRUE"
"388","    Carousell "," Investigate and research data quality and integrity from data sources. Assisting the Data Scientist in getting the Machine Learning models to production ready....",1,1,0,0,1,0,0,1,0,0,0,1,0,0,1,0,0,0,0,0,"FALSE"
"389","      The Advertiser "," We are looking for a Data Scientist to join our team. Previous experience in data mining, modelling and visualisation is necessary....",1,1,0,1,0,1,0,0,0,0,1,0,0,0,0,0,0,0,0,0,"FALSE"
"390",NA," Using data modeling, linear regression, statistical methods and proprietary data, your role is to discover trends and provide understandings/estimates based on...",0,1,0,0,0,0,0,0,0,0,0,0,0,0,0,0,0,0,0,0,"FALSE"
